title,url,product_price,rating_reviews
LDNIO 4 USB Sharing Charger 5.1A Current C502 Black,https://www.goto.com.pk/ldnio-4-usb-sharing-charger-5-1a-current-c502-black,"Rs. 1,076",(5 Reviews)
NR-2000 LED portable Bluetooth speaker White,https://www.goto.com.pk/nr-2000-led-portable-bluetooth-speaker-5-st69-white,"Rs. 3,000",(1 Reviews)
NewRixing Portable Outdoor Wireless Bluetooth Speaker NR - 4011 - Black,https://www.goto.com.pk/newrixing-portable-outdoor-wireless-bluetooth-speaker-nr-4011-black,"Rs. 1,999",(1 Reviews)
W-King W7 Portable Outdoor Bluetooth Wireless Speaker Music Player Silver,https://www.goto.com.pk/w-king-w7-portable-outdoor-bluetooth-wireless-speaker-music-player-st78-silver,"Rs. 2,700",(0 Reviews)
Portable W-king W5 Mini Outdoor TF AUX Music Box Bluetooth Speaker Gold,https://www.goto.com.pk/portable-w-king-w5-mini-outdoor-tf-aux-music-box-bluetooth-speaker-st70-silver,"Rs. 2,500",(4 Reviews)
W-King T6 Cloth Surface Mini Home Wireless Bluetooth Speaker Support Hands-Free Phone Calls Grey,https://www.goto.com.pk/w-king-t6-cloth-surface-mini-home-wireless-bluetooth-speaker-support-hands-free-phone-calls-st77-grey,"Rs. 3,300",(0 Reviews)
W-King S7 Portable Waterproof Outdoor Bluetooth 4.0 Wireless Speaker Black.,https://www.goto.com.pk/w-king-s7-portable-waterproof-outdoor-bluetooth-40-wireless-speaker-st74-black,"Rs. 2,700",(0 Reviews)
W-King S18 Portable Waterproof Bluetooth Speaker Wireless Nfc Super Bass Loudspeaker Multi Color,https://www.goto.com.pk/w-king-s18-portable-waterproof-bluetooth-speaker-wireless-nfc-super-bass-loudspeaker-st72-black,"Rs. 3,000",(0 Reviews)
Vidson V2 Portable Outdoor Wireless Bluetooth Speaker - Grey,https://www.goto.com.pk/vidson-v2-portable-outdoor-wireless-bluetooth-speaker-grey,"Rs. 2,099",(4 Reviews)
Baseus Desktop Charging Station ZCVL-01 Black,https://www.goto.com.pk/baseus-desktop-charging-station-hm00-185-black,"Rs. 1,246",(5 Reviews)
Baseus Stereo Stylish Wireless Headset B15 Off White,https://www.goto.com.pk/baseus-stereo-stylish-wireless-headset-b15-hm00-192-off-white,"Rs. 2,667",(5 Reviews)
LDNIO LED Touch Lamp with USB Port Charger A-4405 White,https://www.goto.com.pk/ldnio-led-touch-lamp-with-usb-port-charger-a4405-white,"Rs. 1,095",(3 Reviews)
Proda 10000 mAh Wireless Power Bank Smart Life PPP-33 Blue,https://www.goto.com.pk/remax-10000-mah-wireless-power-bank-smart-life-hm00-68-blue,"Rs. 2,648",(1 Reviews)
Proda 5000 mAh Power Bank Tukoo Series PPP-14 Blue,https://www.goto.com.pk/remax-5000-mah-power-bank-tukoo-series-hm00-85-blue,"Rs. 2,008",(5 Reviews)
Proda 10000 mAh Biaphon Series Power Bank PPP-28 Black,https://www.goto.com.pk/remax-10000-mah-biaphon-series-power-bank-ppp-28-hm00-24-black,"Rs. 2,521",(4 Reviews)
Remax 2 USB Moon Charger Adapter RMT7188 White,https://www.goto.com.pk/remax-2-usb-moon-charger-adapter-hm00-13-white,Rs. 936,(4 Reviews)
Remax Fabric Wireless Bluetooth Speaker RB-M11 White,https://www.goto.com.pk/remax-fabric-bluetooth-speaker-perfect-voice-hm00-66-white,"Rs. 2,701",(7 Reviews)
Remax Bluetooth Selfie Stick XT-P01 White,https://www.goto.com.pk/remax-bluetooth-selfie-stick-xt-p01-hm00-46-white,"Rs. 1,242",(4 Reviews)
Remax Cutie Data Cable For Micro/Type-C/Lightning  RC-073th Black,https://www.goto.com.pk/remax-cutie-data-cable-for-micro-type-c-lightning-hm00-128-black,Rs. 469,(4 Reviews)
Romoss 5000 mAh Power Bank Q series QS05 White,https://www.goto.com.pk/romoss-5000-mah-power-bank-q-series-hm00-152-white,"Rs. 1,764",(13 Reviews)
Romoss 16000 mAh Solo 6 Power Bank PH80 White,https://www.goto.com.pk/romoss-16000-mah-solo-6-power-bank-hm00-161-white,"Rs. 2,891",(6 Reviews)
WK Design Sport Earphone BD600 Green,https://www.goto.com.pk/WK-sport-earphone-bd600-hm00-15-green,"Rs. 2,518",(7 Reviews)
Baseus 2 USB Funzi Dual USB Charger FZ01 Black,https://www.goto.com.pk/baseus-2-usb-funzi-dual-usb-charger-hm00-215-black,Rs. 779,(1 Reviews)
Baseus Encok Wire Earphone H31 Pink,https://www.goto.com.pk/baseus-encok-wire-earphone-h31-hm00-168-pink,"Rs. 1,214",(4 Reviews)
Baseus Desktop Charging Station ZCVL-0S Silver,https://www.goto.com.pk/baseus-desktop-charging-station-hm00-183-silver,"Rs. 1,246",(1 Reviews)
Baseus Desktop Charging Station ZCVL-0V Gold,https://www.goto.com.pk/baseus-desktop-charging-station-hm00-184-gold,"Rs. 1,246",(3 Reviews)
Remax Crazy Robot In-Ear Earphone Designed For Smart Phone RM-502 Red,https://www.goto.com.pk/remax-crazy-robot-in-ear-earphone-designed-for-smart-phone-rm-502-hm00-93-red,Rs. 482,(0 Reviews)
Baseus Mini Dual U Charger MN02 White,https://www.goto.com.pk/baseus-mini-dual-u-charger-hm00-213-white,Rs. 622,(0 Reviews)
Remax In-Ear Earphone 575 Pro Black & Blue,https://www.goto.com.pk/remax-in-ear-earphone-575-pro-hm00-35-black-blue,Rs. 783,(4 Reviews)
Remax In-Ear Music Earphones With Microphone RM-515 White,https://www.goto.com.pk/remax-colorful-fashionable-earphone-rm-515-hm00-90-white,Rs. 670,(0 Reviews)
Remax Crazy Robot In-Ear Earphone Designed For Smart Phone RM-502 Sky Blue,https://www.goto.com.pk/remax-crazy-robot-in-ear-earphone-designed-for-smart-phone-rm-502-hm00-31-sky-blue,Rs. 482,(4 Reviews)
Remax Crazy Robot In-Ear Earphone Designed For Smart Phone RM-502 Pink,https://www.goto.com.pk/remax-crazy-robot-in-ear-earphone-designed-for-smart-phone-rm-502-hm00-95-pink,Rs. 482,(7 Reviews)
Remax Colorful & Fashionable Earphone RM-515 Yellow,https://www.goto.com.pk/remax-colorful-fashionable-earphone-rm-515-hm00-37-yellow,Rs. 670,(4 Reviews)
Remax Crazy Robot Earphone Designed For Smart Phone RM-502 White,https://www.goto.com.pk/remax-crazy-robot-in-ear-earphone-designed-for-smart-phone-rm-502-hm00-30-white,Rs. 482,(4 Reviews)
Remax Crazy Robot In-Ear Earphone Designed For Smart Phone RM-502 Yellow,https://www.goto.com.pk/remax-crazy-robot-in-ear-earphone-designed-for-smart-phone-rm-502-hm00-94-yellow,Rs. 482,(4 Reviews)
Remax In-Ear Earphone 575 Pro White & Gold,https://www.goto.com.pk/remax-in-ear-earphone-575-pro-hm00-45-white-gold,Rs. 783,(3 Reviews)
Remax Colorful & Fashionable Earphone RM-515 Black,https://www.goto.com.pk/remax-colorful-fashionable-earphone-rm-515-hm00-96-black,Rs. 670,(4 Reviews)
Remax Business Remote Self Timer Wireless Bluetooth 4.1 Earphone T7 White,https://www.goto.com.pk/remax-bluetooth-headset-rb-t7-hm00-8-white,"Rs. 1,381",(0 Reviews)
Remax USB Data Cable For Iphone 5/5C/5S Ipad Air 2/Iphone 6/Iphone 6Plus RC-007i White,https://www.goto.com.pk/remax-usb-data-cable-for-iphone-5-5c-5s-ipad-air-2-iphone-6-iphone-6plus-hm00-98-white,Rs. 281,(7 Reviews)
Remax Flinc Charger With 2 USB Port RP-U29 Black,https://www.goto.com.pk/remax-flinc-charger-with-2-usb-port-hm00-111-black,Rs. 778,(18 Reviews)
Remax 5000 mAh Power Bank Ultra Slim RPP-78 Yellow,https://www.goto.com.pk/remax-5000-mah-power-bank-ultra-slim-rpp-78-hm00-142-yellow,"Rs. 1,775",(1 Reviews)
Remax Bluetooth Headset RB-T13 White,https://www.goto.com.pk/remax-hd-voice-bluetooth-headset-rb-t13-hm00-25-white,"Rs. 1,230",(2 Reviews)
Remax Lemen Car Charger For Lightning/Micro/Type-C RCC211 Blue,https://www.goto.com.pk/remax-lemen-car-charger-for-lightning-micro-type-c-hm00-70-blue,"Rs. 1,292",(1 Reviews)
Baseus Neck Hung Bluetooth Earphone E16 Black & Silver,https://www.goto.com.pk/baseus-neck-hung-bluetooth-earphone-e16-hm00-195-black-silver,"Rs. 4,446",(0 Reviews)
Remax Rayen Data Cable For Type C RC-075a White,https://www.goto.com.pk/remax-rayen-data-cable-for-type-c-hm00-58-white,Rs. 356,(1 Reviews)
Baseus Letour Dual U Charger E2A02 White,https://www.goto.com.pk/baseus-letour-dual-u-charger-hm00-217-white,Rs. 662,(4 Reviews)
Remax Bluetooth Selfie Stick XT-P01 Pink,https://www.goto.com.pk/remax-bluetooth-selfie-stick-xt-p01-hm00-10-pink,"Rs. 1,242",(0 Reviews)
Remax Rayen Data Cable For Micro RC-075m White,https://www.goto.com.pk/remax-rayen-data-cable-for-micro-hm00-38-white,Rs. 319,(0 Reviews)
Remax 5000 mAh Power Bank Ultra Slim RPP-78 White,https://www.goto.com.pk/remax-5000-mah-power-bank-ultra-slim-rpp-78-hm00-145-white,"Rs. 1,775",(4 Reviews)
Baseus Multifunctional Ring Bracket For Phones SUMR-01 Black,https://www.goto.com.pk/baseus-multifunctional-ring-bracket-for-phones-hm00-179-black,Rs. 516,(3 Reviews)
Remax Cutie Data Cable For Micro/Type-C/Lightning  RC-073th Yellow,https://www.goto.com.pk/remax-cutie-data-cable-for-micro-type-c-lightning-hm00-89-yellow,Rs. 469,(1 Reviews)
Baseus 8000 mAh Dual Output Mobile Power Bank imt-m11 Black,https://www.goto.com.pk/baseus-8000-mah-dual-output-mobile-power-bank-hm00-199-black,"Rs. 2,956",(0 Reviews)
Baseus Encok Wire Earphone H02 White,https://www.goto.com.pk/baseus-encok-wire-earphone-h02-hm00-205-white,"Rs. 1,293",(0 Reviews)
WK Design Sport Earphone BD600 Black,https://www.goto.com.pk/WK-sport-earphone-bd600-hm00-14-black,"Rs. 2,518",(1 Reviews)
Remax 5000 mAh Power Bank Ultra Slim RPP-78 Blue,https://www.goto.com.pk/remax-5000-mah-power-bank-ultra-slim-rpp-78-hm00-141-blue,"Rs. 1,775",(4 Reviews)
Baseus Hi-Res Audio Wired Earphone Enock H07 Black,https://www.goto.com.pk/baseus-encok-wire-earphone-h07-hm00-166-black,"Rs. 1,530",(4 Reviews)
Remax Bluetooth Selfie Stick XT-P01 Black,https://www.goto.com.pk/remax-bluetooth-selfie-stick-hm00-33-black,"Rs. 1,242",(0 Reviews)
Remax Fabric Wireless Bluetooth Speaker RB-M11 Red,https://www.goto.com.pk/remax-fabric-bluetooth-speaker-perfect-voice-m11-hm00-127-red,"Rs. 2,701",(12 Reviews)
Baseus Wireless Earphone Noise Reduction A01 Gold,https://www.goto.com.pk/baseus-wirless-earphone-noice-reduction-a01-hm00-174-gold,"Rs. 1,601",(0 Reviews)
Remax 5000 mAh Power Bank Ultra Slim RPP-78 Red,https://www.goto.com.pk/remax-5000-mah-power-bank-ultra-slim-rpp-78-hm00-144-red,"Rs. 1,775",(6 Reviews)
Baseus Multifunctional Ring Bracket For Phones SUMR-0R Pink,https://www.goto.com.pk/baseus-multifunctional-ring-bracket-for-phones-hm00-178-pink,Rs. 516,(8 Reviews)
Baseus 8000 mAh Dual Output Mobile Power Bank imt-m11 White,https://www.goto.com.pk/baseus-8000-mah-dual-output-mobile-power-bank-hm00-198-white,"Rs. 2,956",(0 Reviews)
Baseus Earphones H03 Blue,https://www.goto.com.pk/baseus-wire-earphones-h03-hm00-220-blue,"Rs. 1,413",(4 Reviews)
Remax 5000 mAh Power Bank Ultra Slim RPP-78 Green,https://www.goto.com.pk/remax-5000-mah-power-bank-ultra-slim-rpp-78-hm00-140-green,"Rs. 1,775",(5 Reviews)
Baseus Encok Wire Earphone H07 White,https://www.goto.com.pk/baseus-encok-wire-earphone-h07-hm00-165-white,"Rs. 1,530",(4 Reviews)
Remax Fabric Wireless Bluetooth Speaker RB-M11 Sea Green,https://www.goto.com.pk/remax-fabric-tooth-speaker-perfect-voice-hm00-67-blue,"Rs. 2,701",(0 Reviews)
Remax Flinc Charger With 2 USB Port RP-U29 White,https://www.goto.com.pk/remax-flinc-charger-with-2-usb-port-hm00-112-white,Rs. 778,(15 Reviews)
Remax 5000 mAh Power Bank Ultra Slim RPP-78 Black,https://www.goto.com.pk/remax-5000-mah-power-bank-ultra-slim-rpp-78-hm00-143-black,"Rs. 1,775",(6 Reviews)
Remax Bluetooth Headset RB-T13  Black,https://www.goto.com.pk/remax-hd-voice-bluetooth-headset-rb-t13-hm00-129-black,"Rs. 1,230",(18 Reviews)
Baseus Multifunctional Ring Bracket For Phones SUMR-0V Gold,https://www.goto.com.pk/baseus-multifunctional-ring-bracket-for-phones-hm00-177-gold,Rs. 516,(6 Reviews)
Baseus Encok Neck Hung Bluetooth Earphone E61 Green,https://www.goto.com.pk/baseus-encok-neck-hung-bluetooth-earphone-e61-hm00-173-green,"Rs. 4,446",(0 Reviews)
Baseus Necklace Lazy Bracket LR01 Black,https://www.goto.com.pk/baseus-necklace-lazy-bracket-hm00-176-black,"Rs. 1,584",(2 Reviews)
Baseus Earphones H03 Black,https://www.goto.com.pk/baseus-wire-earphones-h03-hm00-221-black,"Rs. 1,413",(4 Reviews)
Baseus H02 In-Ear Earphone Black,https://www.goto.com.pk/baseus-encok-wire-earphone-h02-hm00-206-black,"Rs. 1,293",(0 Reviews)
Remax Bluetooth Selfie Stick P7 Pink,https://www.goto.com.pk/remax-bluetooth-selfie-stick-p7-hm00-139-pink,"Rs. 2,373",(9 Reviews)
Baseus 10000 mAh Plaid Power Bank BS-P10K Orange,https://www.goto.com.pk/baseus-10000-mah-plaid-power-bank-hm00-200-orange,"Rs. 2,797",(0 Reviews)
Romoss 5000 mAh Skinny Series 9 mm Power Bank PH02 White,https://www.goto.com.pk/romoss-5000-mah-skinny-series-9-mm-power-bank-hm00-156-white,"Rs. 1,690",(5 Reviews)
Remax Data Cable Applicable To All Micro USB Products RC-080m Black,https://www.goto.com.pk/remax-data-cable-applicable-to-all-micro-usb-products-rc-080m-hm00-103-black,Rs. 393,(4 Reviews)
Proda 10000 mAh Wireless Power Bank Smart Life PPP-33 Green,https://www.goto.com.pk/remax-10000-mah-wireless-power-bank-smart-life-hm00-69-green,"Rs. 2,648",(0 Reviews)
Remax Metal Music Wired Earphone RM-305M Metallic Black,https://www.goto.com.pk/remax-metal-music-wired-earphone-hm00-63-black,"Rs. 1,575",(1 Reviews)
Baseus Stereo Metal Wireless Headset B16 Black & Silver,https://www.goto.com.pk/baseus-stereo-metal-wireless-headset-b16-hm00-190-black-silver,"Rs. 2,787",(1 Reviews)
WK Design Wireless Music Speaker SP390 Orange,https://www.goto.com.pk/WK-wireless-music-speaker-sp390-hm00-118-orange,"Rs. 1,867",(0 Reviews)
Remax 1000 mm Armor Data Charging Cable For Lightning & Micro USB RC-067t Yellow,https://www.goto.com.pk/remax-1000-mm-armor-data-charging-cable-for-lightning-micro-usb-hm00-135-yellow,Rs. 620,(6 Reviews)
SKMEI Waterproof Smart Watch For Men 1227 HNM-23 Black,https://www.goto.com.pk/skmei-waterproof-smart-watch-for-men-1227-hnm-23-black,"Rs. 3,133",(6 Reviews)
Remax Portable Fabric Bluetooth Speaker RB-M15 Sea Green,https://www.goto.com.pk/remax-portable-fabric-bluetooth-speaker-hm00-5-sky-blue,"Rs. 3,145",(4 Reviews)
Remax Bluetooth Selfie Stick P7 Blue,https://www.goto.com.pk/remax-bluetooth-selfie-stick-p7-hm00-138-blue,"Rs. 2,373",(5 Reviews)
Remax Portable Bluetooth Speaker RB-M13 Black,https://www.goto.com.pk/remax-portable-bluetooth-speaker-hm00-121-black,"Rs. 2,023",(1 Reviews)
Baseus 4000 mAh Big Capacity Pack Power Bank ACXNL-BJ01 Black,https://www.goto.com.pk/baseus-4000-mah-big-capacity-pack-power-bank-hm00-193-black,"Rs. 2,403",(0 Reviews)
Romoss 10000 mAh Skinny Series Power Bank PG03 White,https://www.goto.com.pk/romoss-10000-mah-skinny-series-power-bank-hm00-155-white,"Rs. 2,352",(4 Reviews)
Remax Metal Music Wired Earphone RM-305M Gold,https://www.goto.com.pk/remax-metal-music-wired-earphone-hm00-62-gold,"Rs. 1,575",(0 Reviews)
WK Wireless Makoo Speaker SP350 Blue,https://www.goto.com.pk/WK-wireless-makoo-speaker-sp350-hm00-126-blue,"Rs. 2,094",(1 Reviews)
Romoss 15000 mAh sense 15 Power Bank PH15 Black,https://www.goto.com.pk/romoss-15000-mah-sense-15-power-bank-hm00-159-black,"Rs. 2,670",(5 Reviews)
Remax 20000 mAh Power Bank 2 USB Outputs & 2 Input Lighting Linon Pro RPP-73 White,https://www.goto.com.pk/remax-20000-mah-power-bank-2-usb-outputs-2-input-lighting-linon-pro-hm00-100-white,"Rs. 3,848",(1 Reviews)
SKMEI Waterproof Smart Watch For Men 1227 HNM-24 Blue,https://www.goto.com.pk/skmei-waterproof-smart-watch-for-men-1227-hnm-24-blue,"Rs. 2,695",(3 Reviews)
Remax Data Cable Applicable To All USB Type-C Product RC-080a Metallic,https://www.goto.com.pk/remax-data-cable-applicable-to-all-usb-type-c-product-hm00-105-copper,Rs. 430,(0 Reviews)
Remax Portable Fabric Bluetooth Speaker RB-M15 Red,https://www.goto.com.pk/remax-portable-fabric-bluetooth-speaker-hm00-4-red,"Rs. 3,145",(0 Reviews)
Remax Bluetooth Selfie Stick P7 White,https://www.goto.com.pk/remax-bluetooth-selfie-stick-p7-hm00-131-white,"Rs. 2,373",(2 Reviews)
Remax Portable Bluetooth Speaker RB-M13 White,https://www.goto.com.pk/remax-portable-bluetooth-speaker-hm00-117-white,"Rs. 2,023",(6 Reviews)
Baseus 4000 mAh Big Capacity Black Pack Power Bank ACXNL-BJ02 White,https://www.goto.com.pk/baseus-4000-mah-big-capacity-black-pack-power-bank-hm00-194-white,"Rs. 2,403",(4 Reviews)
Romoss 10000 mAh ACE Series Power Bank A10 Pink,https://www.goto.com.pk/romoss-10000-mah-ace-series-power-bank-hm00-153-pink,"Rs. 2,250",(9 Reviews)
Baseus Stereo Metal Wireless Earphone B16 Green,https://www.goto.com.pk/baseus-stereo-metal-wireless-headset-b16-hm00-175-green,"Rs. 2,787",(3 Reviews)
Remax 1000 mm Armor Data Charging Cable For Lightning & Micro USB RC-067t Red,https://www.goto.com.pk/remax-1000-mm-armor-data-charging-cable-for-lightning-micro-usb-hm00-109-red,Rs. 620,(1 Reviews)
Remax Bluetooth Music Earphone RB-S10 Silver,https://www.goto.com.pk/remax-bluetooth-music-earphone-rb-s10-hm00-65-silver,"Rs. 3,341",(4 Reviews)
Remax King Data Cable For Iphone RC-0631i Silver,https://www.goto.com.pk/remax-king-data-cable-for-iphone-rc-0631i-hm00-7-silver,Rs. 808,(4 Reviews)
WK Design Wireless Music Speaker SP390 Grey,https://www.goto.com.pk/WK-wireless-music-speaker-sp390-hm00-122-grey,"Rs. 3,101",(0 Reviews)
Romoss 3000 mAh Skinny Series Power Bank PG01 White,https://www.goto.com.pk/romoss-3000-mah-skinny-series-power-bank-hm00-154-white,"Rs. 1,347",(5 Reviews)
Remax 20000 mAh Power Bank 2 USB Outputs & 2 Input Lighting Linon Pro RPP-73 Black,https://www.goto.com.pk/remax-20000-mah-power-bank-2-usb-outputs-2-input-lighting-linon-pro-hm00-101-black,"Rs. 3,848",(4 Reviews)
Remax Bluetooth Selfie Stick P7 Black,https://www.goto.com.pk/remax-bluetooth-selfie-stick-p7-hm00-130-black,"Rs. 2,373",(2 Reviews)
Remax Metal Music Wired Earphone RM-305M Silver,https://www.goto.com.pk/remax-metal-music-wired-earphone-hm00-64-silver,"Rs. 1,575",(0 Reviews)
Remax Portable Bluetooth Speaker RB-M13 Gold,https://www.goto.com.pk/remax-portable-bluetooth-speaker-hm00-116-gold,"Rs. 2,023",(2 Reviews)
Baseus Stereo Metal Wireless Headset B16 Silver,https://www.goto.com.pk/baseus-stereo-metal-wireless-headset-b16-hm00-189-silver,"Rs. 2,787",(6 Reviews)
Remax 1000 mm Armor Data Charging Cable For Lightning & Micro USB RC-067t Grey & Blue,https://www.goto.com.pk/remax-1000-mm-armor-data-charging-cable-for-lightning-micro-usb-hm00-110-grey-blue,Rs. 620,(0 Reviews)
Remax Bluetooth Music Earphone RB-S10 Black,https://www.goto.com.pk/remax-bluetooth-music-earphone-rb-s10-hm00-57-black,"Rs. 3,341",(0 Reviews)
Remax Portable Fabric Bluetooth Speaker RB-M15 White & Brown,https://www.goto.com.pk/remax-portable-fabric-bluetooth-speaker-hm00-119-white-brown,"Rs. 3,145",(0 Reviews)
Proda 5000 mAh Power Bank Tukoo Series PPP-14 Brown & Black,https://www.goto.com.pk/remax-5000-mah-power-bank-tukoo-series-ppp-14-hm00-97-brown-black,"Rs. 2,008",(1 Reviews)
Proda 10000 mAh Biaphon Series Power Bank PPP-28 Black & Copper,https://www.goto.com.pk/proda-10000-mah-biaphon-series-power-bank-ppp-28-black-copper,"Rs. 2,521",(0 Reviews)
Proda 5000 mAh Power Bank Picoo Series PPP-16 White,https://www.goto.com.pk/remax-5000-mah-power-bank-picoo-series-ppp-16-hm00-92-white,"Rs. 1,652",(0 Reviews)
Remax 10000 mAh Power Bank Flinc RPP-72 White,https://www.goto.com.pk/remax-10000-mah-power-bank-flinc-hm00-80-black,"Rs. 2,529",(1 Reviews)
Remax Sport Bluetooth Earphone RB-S9 Silver,https://www.goto.com.pk/remax-sport-bluetooth-earphone-rb-s9-hm00-47-silver,"Rs. 3,854",(0 Reviews)
Proda 5000 mAh Power Bank Tukoo Series PPP-14 Black,https://www.goto.com.pk/remax-5000-mah-power-bank-tukoo-series-hm00-84-black,"Rs. 2,008",(4 Reviews)
Proda 10000 mAh Biaphon Series Power Bank PPP-28 Red & Black,https://www.goto.com.pk/remax-10000-mah-biaphon-series-power-bank-ppp-28-hm00-22-red-black,"Rs. 2,521",(0 Reviews)
Baseus IP Call Digital Earphone P31 Pink,https://www.goto.com.pk/baseus-ip-call-digital-earphone-p31-hm00-186-pink,"Rs. 4,960",(5 Reviews)
Proda 5000 mAh Power Bank Picoo Series PPP-16 Black,https://www.goto.com.pk/remax-5000-mah-power-bank-picoo-series-ppp-16-hm00-91-black,"Rs. 1,652",(1 Reviews)
Remax Sport Bluetooth Earphone RB-S9 Red,https://www.goto.com.pk/remax-sport-bluetooth-earphone-rb-s9-hm00-42-red,"Rs. 3,854",(0 Reviews)
Remax Magnet Sports Bluetooth Headset S2 Black,https://www.goto.com.pk/remax-magnet-sports-bluetooth-headset-s2-hm00-9-black,"Rs. 2,512",(8 Reviews)
Remax 3D Glasses Virtual Reality Fantasyland RT-V01 White,https://www.goto.com.pk/remax-3d-glasses-virtual-reality-fantasyland-rt-v01-hm00-60-white,"Rs. 1,866",(4 Reviews)
Proda 10000 mAh Biaphon Series  Power Bank PPP-28 Grey & Black,https://www.goto.com.pk/remax-10000-mah-biaphon-series-power-bank-ppp-28-hm00-21-black-copper,"Rs. 2,521",(2 Reviews)
Baseus IP Call Digital Earphone P31 Black & Red,https://www.goto.com.pk/baseus-ip-call-digital-earphone-p31-hm00-188-black-red,"Rs. 4,960",(7 Reviews)
Remax Selfie Stick Handi Rod & Tripod P9 Pink,https://www.goto.com.pk/remax-selfie-stick-handi-rod-tripod-s9-hm00-1-pink,"Rs. 3,164",(1 Reviews)
Proda 5000 mAh Power Bank Tukoo Series PPP-14 Black & White,https://www.goto.com.pk/remax-5000-mah-power-bank-tukoo-series-ppp-14-hm00-134-black,"Rs. 2,008",(1 Reviews)
WK Wireless Headset Hummingbird BD800 Black,https://www.goto.com.pk/WK-wirless-headset-hummingbird-bd800-hm00-55-black,"Rs. 5,539",(4 Reviews)
Remax 10000 mAh Power Bank Flinc RPP-72 Black,https://www.goto.com.pk/remax-10000-mah-power-bank-flinc-hm00-79-black,"Rs. 2,529",(4 Reviews)
Remax Sport Bluetooth Earphone RB-S9 Black,https://www.goto.com.pk/remax-sport-bluetooth-earphone-hm00-61-black,"Rs. 3,854",(0 Reviews)
Baseus IP Call Digital Earphone P31 White,https://www.goto.com.pk/baseus-ip-call-digital-earphone-p31-hm00-187-white,"Rs. 4,960",(4 Reviews)
Baseus Licolor Magnet Bluetooth Earphone B11 White,https://www.goto.com.pk/baseus-licolor-magnet-bluetooth-earphone-hm00-163-white,"Rs. 2,273",(6 Reviews)
Baseus Licolor Magnet Bluetooth Earphone B11 Pink,https://www.goto.com.pk/baseus-licolor-magnet-bluetooth-earphone-hm00-164-pink,"Rs. 2,273",(12 Reviews)
Remax Wireless Stereo Bluetooth 4.1 Headphones 195HB Black,https://www.goto.com.pk/remax-smart-bluetooth-headset-195hb-hm00-29-grey-black,"Rs. 4,698",(0 Reviews)
Remax Sporty Bluetooth Earphone RB-S7 Black,https://www.goto.com.pk/remax-sporty-bluetooth-earphone-rb-s7-hm00-28-black,"Rs. 3,735",(6 Reviews)
Baseus 10000 mAh Thin Digital Power Bank PPYZ-C02 White,https://www.goto.com.pk/baseus-10000-mah-thin-digital-power-bank-hm00-181-white,"Rs. 3,312",(2 Reviews)
Baseus Stereo Stylish Wireless Headset B15 Black & Silver,https://www.goto.com.pk/baseus-stereo-stylish-wireless-headset-b15-hm00-191-black-silver,"Rs. 2,667",(5 Reviews)
Baseus 10000 mAh Thin Digital Power Bank PPYZ-C09 Red,https://www.goto.com.pk/baseus-10000-mah-thin-digital-power-bank-hm00-182-red,"Rs. 3,312",(0 Reviews)
Remax Rayen Data Cable For Lighting RC-075i Black,https://www.goto.com.pk/remax-rayen-data-cable-for-lighting-hm00-39-black,Rs. 356,(4 Reviews)
Baseus Wireless Earphone Noise Reduction A01 White,https://www.goto.com.pk/baseus-wirless-earphone-noice-reduction-a01-hm00-171-white,"Rs. 1,601",(0 Reviews)
Mi Band 4 Black,https://www.goto.com.pk/mi-band-4-black-2303406,"Rs. 6,800",(1 Reviews)
Xiaomi Redmi AirDots Wireless Bluetooth Headset,https://www.goto.com.pk/xiaomi-redmi-airdots-wireless-bluetooth-headset-black,"Rs. 6,000",(63 Reviews)
WK Wireless Makoo Speaker SP350 Green,https://www.goto.com.pk/WK-wireless-makoo-speaker-sp350-hm00-125-green,"Rs. 1,704",(1 Reviews)
Baseus 18 W TypeC To IP Cable CATLYW-A01 Black,https://www.goto.com.pk/baseus-18-w-type-c-to-ip-cable-hm00-218-black,"Rs. 1,068",(0 Reviews)
WK Wireless Makoo Speaker SP350 Orange,https://www.goto.com.pk/WK-wireless-makoo-speaker-sp350-hm00-124-orange,"Rs. 1,704",(2 Reviews)
"Space 8,000 mAh Signature Series Powerbank Black",https://www.goto.com.pk/space-signature-series-power-bank-8000-mah-black,"Rs. 1,979",(0 Reviews)
Remax Sports Wired Headset S15 Orange & Black,https://www.goto.com.pk/remax-sports-wired-headset-s15-orange-black,"Rs. 1,160",(1 Reviews)
Remax 3 USB Posrts Moon Charger Plug RP-U31 White,https://www.goto.com.pk/remax-3-usb-moon-charger-plug-rp-u31-white,"Rs. 1,055",(1 Reviews)
Remax Sporty Bluetooth Earphone RB-S7 White,https://www.goto.com.pk/remax-sporty-bluetooth-earphone-rb-s7-white,"Rs. 3,735",(0 Reviews)
Remax Bluetooth Headset T7 Black,https://www.goto.com.pk/remax-bluetooth-headset-t7-black,"Rs. 1,381",(1 Reviews)
Remax Sports Wired Headset S15 Green & Black,https://www.goto.com.pk/remax-sports-wired-headset-s15-black-green,"Rs. 1,160",(0 Reviews)
Remax In-earphone 575 Pro Purple,https://www.goto.com.pk/remax-in-earphone-575-pro-purple,Rs. 783,(4 Reviews)
LDNIO 6 USB 7A Compatiable Charger A6702 White & Green,https://www.goto.com.pk/ldnio-6-usb-7a-compatiable-charger-a6702-white-green,"Rs. 1,336",(4 Reviews)
Data & Jewellery 0.5 m Cable RC058M - Black & Silver,https://www.goto.com.pk/data-and-jewellery-0-5-m-cable-rc058m-black-and-silver,Rs. 700,(0 Reviews)
Dual USB Ports Car Charger For Smart Phones LTQ002 - White,https://www.goto.com.pk/dual-usb-ports-car-charger-for-smart-phones-ltq002-white,Rs. 700,(4 Reviews)
Remax Smart Bluetooth Headset 195 HB White,https://www.goto.com.pk/remax-smart-bluetooth-headset-195-hb-white-orange,"Rs. 4,698",(0 Reviews)
Remax Tripod Selfie Stick Bluetooth P9 White,https://www.goto.com.pk/remax-tripod-selfie-stick-bluetooth-p9-white,"Rs. 3,164",(0 Reviews)
Remax USB to 8 Pin Data Charging Cable For iPhone RC080i Black,https://www.goto.com.pk/remax-data-cable-applicable-to-all-lightning-port-product-rc-080i-hm00-104-black,Rs. 431,(3 Reviews)
Remax Wired Music Earphone RM-512 White & Pink,https://www.goto.com.pk/remax-wired-music-headset-hm00-99-pink,Rs. 369,(4 Reviews)
Remax Cutie Data Cable For Micro/Type-C/Lightning  RC-073th White,https://www.goto.com.pk/remax-cutie-data-cable-for-micro-type-c-lightning-hm00-88-white,Rs. 469,(4 Reviews)
WK Wireless Makoo Speaker SP350 Grey,https://www.goto.com.pk/WK-wireless-makoo-speaker-sp350-hm00-123-grey,"Rs. 1,704",(0 Reviews)
Remax Bluetooth Headset RB-T10 Black,https://www.goto.com.pk/remax-bluetooth-enjoy-music-t10-black,"Rs. 1,268",(4 Reviews)
Remax Bluetooth Headphones For Tablet & Smartphone 200HB Black,https://www.goto.com.pk/remax-bluetooth-headphones-for-tablet-smartphone-200hb-black,"Rs. 4,472",(2 Reviews)
WK Rhythm Wireless Headset BD520 White,https://www.goto.com.pk/WK-rhythm-wireless-headset-bd520-white,"Rs. 3,112",(2 Reviews)
Remax 2 In 1 Weave Data Cable & Charging For Micro RC-018m Black,https://www.goto.com.pk/remax-2-in-1-weave-data-cable-charging-for-micro-hm00-107-black,Rs. 544,(0 Reviews)
Remax Portable Fabric Bluetooth Speaker RB-M15 Black,https://www.goto.com.pk/remax-portable-fabric-bluetooth-speaker-rb-m15-black,"Rs. 3,145",(4 Reviews)
Remax USB Data Cable For iPhone 4/4S White,https://www.goto.com.pk/remax-usb-data-cable-for-iphone-44s-white,Rs. 433,(0 Reviews)
Remax Knight Charging Data Cable For iPhone RC-043i Pink,https://www.goto.com.pk/remax-knight-charging-data-cable-for-iphone-hm00-17-pink,Rs. 582,(0 Reviews)
Wireless Bluetooth Headset X3 - Black,https://www.goto.com.pk/space-wireless-bluetooth-headset-x3-black,"Rs. 3,500",(0 Reviews)
LDNIO LED Touch Lamp with USB Port Charger A-2205 White,https://www.goto.com.pk/ldnio-led-touch-lamp-with-usb-port-charger-a2205-white,Rs. 958,(6 Reviews)
WK Wireless Headset BD800 White,https://www.goto.com.pk/WK-wireless-headset-bd800-white,"Rs. 5,539",(1 Reviews)
Remax 2 In 1 Weave Data Cable & Charging For Lightning RC-081i Yellow,https://www.goto.com.pk/remax-2-in-1-weave-data-cable-charging-for-lightning-rc-081i-yellow,Rs. 544,(0 Reviews)
Remax HD Voice Bluetooth Headset RB-T16 White,https://www.goto.com.pk/remax-hd-voice-bluetooth-headset-rb-t16-white,"Rs. 2,060",(0 Reviews)
2 in 1 Data Cable For Apple and Micro USB WDC009 - Black,https://www.goto.com.pk/2-in-1-data-cable-for-apple-and-micro-usb-wdc009-black,Rs. 600,(0 Reviews)
