product_url,product_image_link,product_name,product_price
https://www.glassesshop.com/eyeglasses/fp2158,"https://glassesshop-res.cloudinary.com/c_fill,f_auto,fl_lossy,q_auto,w_800,h_400,c_pad/products/202011/5fa8e947af13a.jpg",Indianapolis,$9.95
https://www.glassesshop.com/eyeglasses/fp2247,"https://glassesshop-res.cloudinary.com/c_fill,f_auto,fl_lossy,q_auto,w_800,h_400,c_pad/products/202102/602a10121e714.jpg",Jackson,$24.95
https://www.glassesshop.com/eyeglasses/fm1553,"https://glassesshop-res.cloudinary.com/c_fill,f_auto,fl_lossy,q_auto,w_800,h_400,c_pad/products/202102/603c4e48ab639.jpg",Amelia,$34.95
https://www.glassesshop.com/eyeglasses/fp2071,"https://glassesshop-res.cloudinary.com/c_fill,f_auto,fl_lossy,q_auto,w_800,h_400,c_pad/products/202106/60bdd5be67272.jpg",Taurus,$24.95
https://www.glassesshop.com/eyeglasses/fz1491,"https://glassesshop-res.cloudinary.com/c_fill,f_auto,fl_lossy,q_auto,w_800,h_400,c_pad/products/202008/5f30c11add35e.jpg",Joplin,$24.95
https://www.glassesshop.com/eyeglasses/fp2013,"https://glassesshop-res.cloudinary.com/c_fill,f_auto,fl_lossy,q_auto,w_800,h_400,c_pad/products/201910/5db16a534b675.jpg",Rainbow,$19.95
https://www.glassesshop.com/eyeglasses/fp2111,"https://glassesshop-res.cloudinary.com/c_fill,f_auto,fl_lossy,q_auto,w_800,h_400,c_pad/products/202007/5f0d02e66cf0b.jpg",Althea,$19.95
https://www.glassesshop.com/eyeglasses/fm1354,"https://glassesshop-res.cloudinary.com/c_fill,f_auto,fl_lossy,q_auto,w_800,h_400,c_pad/products/201812/5c2436744ec7f.jpg",Haywood,$29.95
https://www.glassesshop.com/eyeglasses/fp2106,"https://glassesshop-res.cloudinary.com/c_fill,f_auto,fl_lossy,q_auto,w_800,h_400,c_pad/products/202006/5ef06e3a89c4c.jpg",Gulfport,$19.95
https://www.glassesshop.com/eyeglasses/fp1992,"https://glassesshop-res.cloudinary.com/c_fill,f_auto,fl_lossy,q_auto,w_800,h_400,c_pad/products/202106/60bdd7cb4fea9.jpg",Asheville,$12.95
https://www.glassesshop.com/eyeglasses/fp2047,"https://glassesshop-res.cloudinary.com/c_fill,f_auto,fl_lossy,q_auto,w_800,h_400,c_pad/products/202002/5e43692687da0.jpg",Libra,$24.95
https://www.glassesshop.com/eyeglasses/fm1405,"https://glassesshop-res.cloudinary.com/c_fill,f_auto,fl_lossy,q_auto,w_800,h_400,c_pad/products/201910/5da92c7eb9fb3.jpg",Toledo,$24.95
https://www.glassesshop.com/eyeglasses/fp2151,"https://glassesshop-res.cloudinary.com/c_fill,f_auto,fl_lossy,q_auto,w_800,h_400,c_pad/products/202011/5f9faec3362e6.jpg",Dominic,$12.95
https://www.glassesshop.com/eyeglasses/fp2036,"https://glassesshop-res.cloudinary.com/c_fill,f_auto,fl_lossy,q_auto,w_800,h_400,c_pad/products/202002/5e377f634cb1c.jpg",Fresno,$12.95
https://www.glassesshop.com/eyeglasses/fz1032,"https://glassesshop-res.cloudinary.com/c_fill,f_auto,fl_lossy,q_auto,w_800,h_400,c_pad/products/202010/5f990771305f0.jpg",Poppy,$29.95
https://www.glassesshop.com/eyeglasses/fp2035,"https://glassesshop-res.cloudinary.com/c_fill,f_auto,fl_lossy,q_auto,w_800,h_400,c_pad/products/201911/5dbfed02cae13.jpg",Oberlin,$19.95
https://www.glassesshop.com/eyeglasses/sup0791,"https://glassesshop-res.cloudinary.com/c_fill,f_auto,fl_lossy,q_auto,w_800,h_400,c_pad/products/202007/5f1e8acd71af1.jpg",Evanston,$24.95
https://www.glassesshop.com/eyeglasses/fm1243,"https://glassesshop-res.cloudinary.com/c_fill,f_auto,fl_lossy,q_auto,w_800,h_400,c_pad/products/201805/5b05174513cea.jpg",Burke,$24.95
https://www.glassesshop.com/eyeglasses/fm1387,"https://glassesshop-res.cloudinary.com/c_fill,f_auto,fl_lossy,q_auto,w_800,h_400,c_pad/products/201906/5d031896311f6.jpg",Celia,$19.95
https://www.glassesshop.com/eyeglasses/fz1370,"https://glassesshop-res.cloudinary.com/c_fill,f_auto,fl_lossy,q_auto,w_800,h_400,c_pad/products/201907/5d268bd88f69a.jpg",Maltz,$29.95
https://www.glassesshop.com/eyeglasses/fz1358,"https://glassesshop-res.cloudinary.com/c_fill,f_auto,fl_lossy,q_auto,w_800,h_400,c_pad/products/201907/5d1dad7e8b665.jpg",Milne,$29.95
https://www.glassesshop.com/eyeglasses/fp2010,"https://glassesshop-res.cloudinary.com/c_fill,f_auto,fl_lossy,q_auto,w_800,h_400,c_pad/products/202009/5f59eebb5cf10.jpg",Cooksville,$12.95
https://www.glassesshop.com/eyeglasses/fp1979,"https://glassesshop-res.cloudinary.com/c_fill,f_auto,fl_lossy,q_auto,w_800,h_400,c_pad/products/201910/5d9ff9961f92a.jpg",Bronx,$12.95
https://www.glassesshop.com/eyeglasses/fz1391,"https://glassesshop-res.cloudinary.com/c_fill,f_auto,fl_lossy,q_auto,w_800,h_400,c_pad/products/201910/5d9ffa6c561dc.jpg",Miami,$29.95
https://www.glassesshop.com/eyeglasses/fm1385,"https://glassesshop-res.cloudinary.com/c_fill,f_auto,fl_lossy,q_auto,w_800,h_400,c_pad/products/201906/5d031896295ff.jpg",Riverside,$19.95
https://www.glassesshop.com/eyeglasses/ft0304,"https://glassesshop-res.cloudinary.com/c_fill,f_auto,fl_lossy,q_auto,w_800,h_400,c_pad/products/201906/5d0318965cdb1.jpg",Annabel,$39.95
https://www.glassesshop.com/eyeglasses/fz1320,"https://glassesshop-res.cloudinary.com/c_fill,f_auto,fl_lossy,q_auto,w_800,h_400,c_pad/products/201906/5cf8ca4eb5fb5.jpg",Vogt,$29.95
https://www.glassesshop.com/eyeglasses/sup0622,"https://glassesshop-res.cloudinary.com/c_fill,f_auto,fl_lossy,q_auto,w_800,h_400,c_pad/products/201904/5cb69b5e59b5c.jpg",Wilker,$29.95
https://www.glassesshop.com/eyeglasses/fz1270,"https://glassesshop-res.cloudinary.com/c_fill,f_auto,fl_lossy,q_auto,w_800,h_400,c_pad/products/201812/5c26d172e6aa2.jpg",Genevieve,$34.95
https://www.glassesshop.com/eyeglasses/fp1747,"https://glassesshop-res.cloudinary.com/c_fill,f_auto,fl_lossy,q_auto,w_800,h_400,c_pad/products/201807/5b5fc22e9933f.jpg",Murphy,$39.95
https://www.glassesshop.com/eyeglasses/fm1286,"https://glassesshop-res.cloudinary.com/c_fill,f_auto,fl_lossy,q_auto,w_800,h_400,c_pad/products/201807/5b5fc1d09945c.jpg",Lyndon,$19.95
https://www.glassesshop.com/eyeglasses/fp1718,"https://glassesshop-res.cloudinary.com/c_fill,f_auto,fl_lossy,q_auto,w_800,h_400,c_pad/products/202010/5f9624a245c0e.jpg",Jean,$19.95
https://www.glassesshop.com/eyeglasses/fp1695,"https://glassesshop-res.cloudinary.com/c_fill,f_auto,fl_lossy,q_auto,w_800,h_400,c_pad/products/201805/5b03be9da29e0.jpg",Lexingto,$19.95
https://www.glassesshop.com/eyeglasses/fp1661,"https://glassesshop-res.cloudinary.com/c_fill,f_auto,fl_lossy,q_auto,w_800,h_400,c_pad/products/201805/5af16009d7b28.jpg",Derrick,$24.95
https://www.glassesshop.com/eyeglasses/fp1438,"https://glassesshop-res.cloudinary.com/c_fill,f_auto,fl_lossy,q_auto,w_800,h_400,c_pad/products/202005/5eb91ab52f793.jpg",Prince,$19.95
https://www.glassesshop.com/eyeglasses/fp1506,"https://glassesshop-res.cloudinary.com/c_fill,f_auto,fl_lossy,q_auto,w_800,h_400,c_pad/products/201811/5bff5bf26798e.jpg",Bruno,$19.95
https://www.glassesshop.com/eyeglasses/fz1313,"https://glassesshop-res.cloudinary.com/c_fill,f_auto,fl_lossy,q_auto,w_800,h_400,c_pad/products/201906/5cf8ca4e9765e.jpg",Whittier,$29.95
https://www.glassesshop.com/eyeglasses/fz1250,"https://glassesshop-res.cloudinary.com/c_fill,f_auto,fl_lossy,q_auto,w_800,h_400,c_pad/products/201810/5bbc4f0f37405.jpg",Vivian,$29.95
https://www.glassesshop.com/eyeglasses/sm0860,"https://glassesshop-res.cloudinary.com/c_fill,f_auto,fl_lossy,q_auto,w_800,h_400,c_pad/products/201810/5bbc51096d6bb.jpg",Willie,$19.95
https://www.glassesshop.com/eyeglasses/fp1923,"https://glassesshop-res.cloudinary.com/c_fill,f_auto,fl_lossy,q_auto,w_800,h_400,c_pad/products/202101/5fffb4b75dafe.jpg",Bray,$12.95
https://www.glassesshop.com/eyeglasses/sup1073,"https://glassesshop-res.cloudinary.com/c_fill,f_auto,fl_lossy,q_auto,w_800,h_400,c_pad/products/202103/60457fd32a1c2.jpg",Uvalde,$9.95
https://www.glassesshop.com/eyeglasses/fp1502,"https://glassesshop-res.cloudinary.com/c_fill,f_auto,fl_lossy,q_auto,w_800,h_400,c_pad/products/201911/5dc4c1328544a.jpg",Astrid,$19.95
https://www.glassesshop.com/eyeglasses/fz1209,"https://glassesshop-res.cloudinary.com/c_fill,f_auto,fl_lossy,q_auto,w_800,h_400,c_pad/products/202008/5f4775478f20c.jpg",Pete,$29.95
https://www.glassesshop.com/eyeglasses/fp1841,"https://glassesshop-res.cloudinary.com/c_fill,f_auto,fl_lossy,q_auto,w_800,h_400,c_pad/products/201904/5cb69b512d7b0.jpg",Butler,$19.95
https://www.glassesshop.com/eyeglasses/sup0821,"https://glassesshop-res.cloudinary.com/c_fill,f_auto,fl_lossy,q_auto,w_800,h_400,c_pad/products/202004/5e93cdb77d4ef.jpg",Walnut,$29.95
https://www.glassesshop.com/eyeglasses/fz1461,"https://glassesshop-res.cloudinary.com/c_fill,f_auto,fl_lossy,q_auto,w_800,h_400,c_pad/products/202005/5eb913470af6b.jpg",Prairie,$34.95
https://www.glassesshop.com/eyeglasses/sup0759,"https://glassesshop-res.cloudinary.com/c_fill,f_auto,fl_lossy,q_auto,w_800,h_400,c_pad/products/202001/5e0eb47d12e4c.jpg",Christian,$29.95
https://www.glassesshop.com/eyeglasses/sup0711,"https://glassesshop-res.cloudinary.com/c_fill,f_auto,fl_lossy,q_auto,w_800,h_400,c_pad/products/201907/5d268bd89da12.jpg",Marlowe,$19.95
https://www.glassesshop.com/eyeglasses/fm1263,"https://glassesshop-res.cloudinary.com/c_fill,f_auto,fl_lossy,q_auto,w_800,h_400,c_pad/products/201906/5cf730e71cec3.jpg",Rochester,$29.95
https://www.glassesshop.com/eyeglasses/sup0795,"https://glassesshop-res.cloudinary.com/c_fill,f_auto,fl_lossy,q_auto,w_800,h_400,c_pad/products/202004/5e93ccf46520c.jpg",Aurora,$29.95
https://www.glassesshop.com/eyeglasses/fp1988,"https://glassesshop-res.cloudinary.com/c_fill,f_auto,fl_lossy,q_auto,w_800,h_400,c_pad/products/202106/60bdd7a9093d3.jpg",Labrador,$12.95
https://www.glassesshop.com/eyeglasses/fp1651,"https://glassesshop-res.cloudinary.com/c_fill,f_auto,fl_lossy,q_auto,w_800,h_400,c_pad/products/201805/5afe7ed0f360c.jpg",Owen,$19.95
https://www.glassesshop.com/eyeglasses/sup1077,"https://glassesshop-res.cloudinary.com/c_fill,f_auto,fl_lossy,q_auto,w_800,h_400,c_pad/products/202103/60457ff015581.jpg",Huntsville,$29.95
https://www.glassesshop.com/eyeglasses/fz1382,"https://glassesshop-res.cloudinary.com/c_fill,f_auto,fl_lossy,q_auto,w_800,h_400,c_pad/products/201908/5d4d19dba44c0.jpg",Lindsay,$29.95
https://www.glassesshop.com/eyeglasses/fp1363,"https://glassesshop-res.cloudinary.com/c_fill,f_auto,fl_lossy,q_auto,w_800,h_400,c_pad/products/202102/6023752dda9dd.jpg",Evansville,$19.95
https://www.glassesshop.com/eyeglasses/fp1948,"https://glassesshop-res.cloudinary.com/c_fill,f_auto,fl_lossy,q_auto,w_800,h_400,c_pad/products/202005/5ec4810dc05c2.jpg",Eleanor,$12.95
https://www.glassesshop.com/eyeglasses/fz1159,"https://glassesshop-res.cloudinary.com/c_fill,f_auto,fl_lossy,q_auto,w_800,h_400,c_pad/products/201805/5b0fae2e711fc.jpg",Enoch,$29.95
https://www.glassesshop.com/eyeglasses/fp2195,"https://glassesshop-res.cloudinary.com/c_fill,f_auto,fl_lossy,q_auto,w_800,h_400,c_pad/products/202011/5fc45793d9906.jpg",Owensboro,$12.95
https://www.glassesshop.com/eyeglasses/sup0907,"https://glassesshop-res.cloudinary.com/c_fill,f_auto,fl_lossy,q_auto,w_800,h_400,c_pad/products/202006/5ef07d5777f2e.jpg",Troy,$24.95
https://www.glassesshop.com/eyeglasses/ft0360,"https://glassesshop-res.cloudinary.com/c_fill,f_auto,fl_lossy,q_auto,w_800,h_400,c_pad/products/202002/5e377f9ccb097.jpg",Mobile,$39.95
https://www.glassesshop.com/eyeglasses/fz1083,"https://glassesshop-res.cloudinary.com/c_fill,f_auto,fl_lossy,q_auto,w_800,h_400,c_pad/products/201710/59e01c2604ce3.jpg",Nicole,$29.95
https://www.glassesshop.com/eyeglasses/fp1443,"https://glassesshop-res.cloudinary.com/c_fill,f_auto,fl_lossy,q_auto,w_800,h_400,c_pad/products/201711/59fd64946717c.jpg",Tiffen,$19.95
https://www.glassesshop.com/eyeglasses/fm1394,"https://glassesshop-res.cloudinary.com/c_fill,f_auto,fl_lossy,q_auto,w_800,h_400,c_pad/products/202011/5fbf2aaec33c1.jpg",Attis,$24.95
https://www.glassesshop.com/eyeglasses/fz1299,"https://glassesshop-res.cloudinary.com/c_fill,f_auto,fl_lossy,q_auto,w_800,h_400,c_pad/products/201901/5c340388202fb.jpg",Hume,$29.95
https://www.glassesshop.com/eyeglasses/fz1392,"https://glassesshop-res.cloudinary.com/c_fill,f_auto,fl_lossy,q_auto,w_800,h_400,c_pad/products/201910/5d9ffa72dbb0e.jpg",Endicott,$29.95
https://www.glassesshop.com/eyeglasses/sm0795,"https://glassesshop-res.cloudinary.com/c_fill,f_auto,fl_lossy,q_auto,w_800,h_400,c_pad/products/201803/5ab4ad5bc248c.jpg",Martin,$29.95
https://www.glassesshop.com/eyeglasses/fp2086,"https://glassesshop-res.cloudinary.com/c_fill,f_auto,fl_lossy,q_auto,w_800,h_400,c_pad/products/202005/5eb8b58e68ce6.jpg",Annabelle,$24.95
https://www.glassesshop.com/eyeglasses/fz1015,"https://glassesshop-res.cloudinary.com/c_fill,f_auto,fl_lossy,q_auto,w_800,h_400,c_pad/products/201707/595c863c38c17.jpg",Iowa,$29.95
https://www.glassesshop.com/eyeglasses/fp1763,"https://glassesshop-res.cloudinary.com/c_fill,f_auto,fl_lossy,q_auto,w_800,h_400,c_pad/products/201904/5ca2bda91b3a0.jpg",Arlene,$24.95
https://www.glassesshop.com/eyeglasses/fp2190,"https://glassesshop-res.cloudinary.com/c_fill,f_auto,fl_lossy,q_auto,w_800,h_400,c_pad/products/202012/5fdb212b56675.jpg",Naperville,$12.95
https://www.glassesshop.com/eyeglasses/sup0568,"https://glassesshop-res.cloudinary.com/c_fill,f_auto,fl_lossy,q_auto,w_800,h_400,c_pad/products/201811/5be91fb066b41.jpg",Gaskell,$29.95
https://www.glassesshop.com/eyeglasses/fp1972,"https://glassesshop-res.cloudinary.com/c_fill,f_auto,fl_lossy,q_auto,w_800,h_400,c_pad/products/202106/60bdd9c8ae6b0.jpg",Flushing,$12.95
https://www.glassesshop.com/eyeglasses/fp2024,"https://glassesshop-res.cloudinary.com/c_fill,f_auto,fl_lossy,q_auto,w_800,h_400,c_pad/products/202106/60bdd7ddbb29d.jpg",Joni,$29.95
https://www.glassesshop.com/eyeglasses/fp1232,"https://glassesshop-res.cloudinary.com/c_fill,f_auto,fl_lossy,q_auto,w_800,h_400,c_pad/products/201611/58252d0bc746b.jpg",Trenton,$19.95
https://www.glassesshop.com/eyeglasses/sup1101,"https://glassesshop-res.cloudinary.com/c_fill,f_auto,fl_lossy,q_auto,w_800,h_400,c_pad/products/202103/604580ab73609.jpg",Galveston,$29.95
https://www.glassesshop.com/eyeglasses/fm1452,"https://glassesshop-res.cloudinary.com/c_fill,f_auto,fl_lossy,q_auto,w_800,h_400,c_pad/products/202005/5eb91371dbe05.jpg",Edgar,$35.95
https://www.glassesshop.com/eyeglasses/fp1641,"https://glassesshop-res.cloudinary.com/c_fill,f_auto,fl_lossy,q_auto,w_800,h_400,c_pad/products/201805/5afe7e758cfc5.jpg",Mason,$19.95
https://www.glassesshop.com/eyeglasses/fp2124,"https://glassesshop-res.cloudinary.com/c_fill,f_auto,fl_lossy,q_auto,w_800,h_400,c_pad/products/202008/5f30d30f5d6a5.jpg",Salinas,$24.95
https://www.glassesshop.com/eyeglasses/fp1088,"https://glassesshop-res.cloudinary.com/c_fill,f_auto,fl_lossy,q_auto,w_800,h_400,c_pad/products/201611/581c4a3fa7f0a.jpg",Reno,$44.95
https://www.glassesshop.com/eyeglasses/sup0828,"https://glassesshop-res.cloudinary.com/c_fill,f_auto,fl_lossy,q_auto,w_800,h_400,c_pad/products/202105/60924522f3ddf.jpg",Megan,$29.95
https://www.glassesshop.com/eyeglasses/fp0989,"https://glassesshop-res.cloudinary.com/c_fill,f_auto,fl_lossy,q_auto,w_800,h_400,c_pad/products/202101/5ff15557c070f.jpg",Hillsborough,$19.95
https://www.glassesshop.com/eyeglasses/fz1277,"https://glassesshop-res.cloudinary.com/c_fill,f_auto,fl_lossy,q_auto,w_800,h_400,c_pad/products/201810/5bbc50f6605c9.jpg",Ezekiel,$29.95
https://www.glassesshop.com/eyeglasses/fz1437,"https://glassesshop-res.cloudinary.com/c_fill,f_auto,fl_lossy,q_auto,w_800,h_400,c_pad/products/202005/5eb9129c7a05e.jpg",Westlake,$44.95
https://www.glassesshop.com/eyeglasses/fp2026,"https://glassesshop-res.cloudinary.com/c_fill,f_auto,fl_lossy,q_auto,w_800,h_400,c_pad/products/201911/5dbfecc57f5b9.jpg",Plains,$24.95
https://www.glassesshop.com/eyeglasses/fp1619,"https://glassesshop-res.cloudinary.com/c_fill,f_auto,fl_lossy,q_auto,w_800,h_400,c_pad/products/201805/5afe7d1daed84.jpg",Baldwin,$19.95
https://www.glassesshop.com/eyeglasses/sup1007,"https://glassesshop-res.cloudinary.com/c_fill,f_auto,fl_lossy,q_auto,w_800,h_400,c_pad/products/202009/5f5f319e16c75.jpg",Trista,$44.95
https://www.glassesshop.com/eyeglasses/sm0897,"https://glassesshop-res.cloudinary.com/c_fill,f_auto,fl_lossy,q_auto,w_800,h_400,c_pad/products/202009/5f5f30c675b8a.jpg",Stephen,$12.95
https://www.glassesshop.com/eyeglasses/fp1455,"https://glassesshop-res.cloudinary.com/c_fill,f_auto,fl_lossy,q_auto,w_800,h_400,c_pad/products/201909/5d809164e95f7.jpg",Zoe,$12.95
https://www.glassesshop.com/eyeglasses/fp1505,"https://glassesshop-res.cloudinary.com/c_fill,f_auto,fl_lossy,q_auto,w_800,h_400,c_pad/products/201712/5a2f93753d9d9.jpg",Joyce,$12.95
https://www.glassesshop.com/eyeglasses/fz1087,"https://glassesshop-res.cloudinary.com/c_fill,f_auto,fl_lossy,q_auto,w_800,h_400,c_pad/products/201710/59e01c443bff6.jpg",Mandy,$29.95
https://www.glassesshop.com/eyeglasses/sup1014,"https://glassesshop-res.cloudinary.com/c_fill,f_auto,fl_lossy,q_auto,w_800,h_400,c_pad/products/202009/5f5f31cf1a282.jpg",Elroy,$29.95
https://www.glassesshop.com/eyeglasses/sup1040,"https://glassesshop-res.cloudinary.com/c_fill,f_auto,fl_lossy,q_auto,w_800,h_400,c_pad/products/202104/607cfc83d77b7.jpg",Moira,$29.95
https://www.glassesshop.com/eyeglasses/fm1565,"https://glassesshop-res.cloudinary.com/c_fill,f_auto,fl_lossy,q_auto,w_800,h_400,c_pad/products/202106/60d13aac8e41f.jpg",Barret,$29.95
https://www.glassesshop.com/eyeglasses/sup1081,"https://glassesshop-res.cloudinary.com/c_fill,f_auto,fl_lossy,q_auto,w_800,h_400,c_pad/products/202103/6045800a40a1b.jpg",Richmond,$19.95
https://www.glassesshop.com/eyeglasses/rm0298,"https://glassesshop-res.cloudinary.com/c_fill,f_auto,fl_lossy,q_auto,w_800,h_400,c_pad/products/202009/5f5edd8188533.jpg",Ingemar,$19.95
https://www.glassesshop.com/eyeglasses/sup0896,"https://glassesshop-res.cloudinary.com/c_fill,f_auto,fl_lossy,q_auto,w_800,h_400,c_pad/products/202007/5f23cd956286a.jpg",Atlantic,$29.95
https://www.glassesshop.com/eyeglasses/fp2299,"https://glassesshop-res.cloudinary.com/c_fill,f_auto,fl_lossy,q_auto,w_800,h_400,c_pad/products/202105/60b5d4998f26f.jpg",Denise,$24.94
https://www.glassesshop.com/eyeglasses/fp1828,"https://glassesshop-res.cloudinary.com/c_fill,f_auto,fl_lossy,q_auto,w_800,h_400,c_pad/products/202106/60bdd9b1b06df.jpg",Averies,$19.95
https://www.glassesshop.com/eyeglasses/fm1419,"https://glassesshop-res.cloudinary.com/c_fill,f_auto,fl_lossy,q_auto,w_800,h_400,c_pad/products/202002/5e377f5bbd9ec.jpg",Smith,$29.95
https://www.glassesshop.com/eyeglasses/fp1806,"https://glassesshop-res.cloudinary.com/c_fill,f_auto,fl_lossy,q_auto,w_800,h_400,c_pad/products/201903/5c99cd4249635.jpg",Watertown,$19.95
https://www.glassesshop.com/eyeglasses/fp1902,"https://glassesshop-res.cloudinary.com/c_fill,f_auto,fl_lossy,q_auto,w_800,h_400,c_pad/products/201905/5ce3acf5d8bc6.jpg",Jinbee,$19.95
https://www.glassesshop.com/eyeglasses/rm0247,"https://glassesshop-res.cloudinary.com/c_fill,f_auto,fl_lossy,q_auto,w_800,h_400,c_pad/products/201703/58c7556ccda85.jpg",Terre,$32.95
https://www.glassesshop.com/eyeglasses/fm1574,"https://glassesshop-res.cloudinary.com/c_fill,f_auto,fl_lossy,q_auto,w_800,h_400,c_pad/products/202102/602a0fcb5effd.jpg",Rouge,$19.95
https://www.glassesshop.com/eyeglasses/ft0326,"https://glassesshop-res.cloudinary.com/c_fill,f_auto,fl_lossy,q_auto,w_800,h_400,c_pad/products/201908/5d4d180867511.jpg",Dubois,$49.95
https://www.glassesshop.com/eyeglasses/fp1643,"https://glassesshop-res.cloudinary.com/c_fill,f_auto,fl_lossy,q_auto,w_800,h_400,c_pad/products/202106/60c6b76f369c4.jpg",Isaiah,$19.95
https://www.glassesshop.com/eyeglasses/fp1563,"https://glassesshop-res.cloudinary.com/c_fill,f_auto,fl_lossy,q_auto,w_800,h_400,c_pad/products/202005/5eb91abca5cd5.jpg",Thomasville,$24.95
https://www.glassesshop.com/eyeglasses/sm0902,"https://glassesshop-res.cloudinary.com/c_fill,f_auto,fl_lossy,q_auto,w_800,h_400,c_pad/products/202010/5f92441abd5f3.jpg",Bowen,$29.95
https://www.glassesshop.com/eyeglasses/sm0876,"https://glassesshop-res.cloudinary.com/c_fill,f_auto,fl_lossy,q_auto,w_800,h_400,c_pad/products/201812/5c24368513a4f.jpg",Horatio,$19.95
https://www.glassesshop.com/eyeglasses/fz1494,"https://glassesshop-res.cloudinary.com/c_fill,f_auto,fl_lossy,q_auto,w_800,h_400,c_pad/products/202008/5f30c12f1a958.jpg",Jellico,$29.95
https://www.glassesshop.com/eyeglasses/fp1918,"https://glassesshop-res.cloudinary.com/c_fill,f_auto,fl_lossy,q_auto,w_800,h_400,c_pad/products/201908/5d4d18e5deb94.jpg",Bloor,$12.95
https://www.glassesshop.com/eyeglasses/fp1768,"https://glassesshop-res.cloudinary.com/c_fill,f_auto,fl_lossy,q_auto,w_800,h_400,c_pad/products/201808/5b7e0ee2a1137.jpg",Belle,$19.95
https://www.glassesshop.com/eyeglasses/fp1411,"https://glassesshop-res.cloudinary.com/c_fill,f_auto,fl_lossy,q_auto,w_800,h_400,c_pad/products/201710/59e4598958f4c.jpg",Kelowna,$6.95
https://www.glassesshop.com/eyeglasses/fm1192,"https://glassesshop-res.cloudinary.com/c_fill,f_auto,fl_lossy,q_auto,w_800,h_400,c_pad/products/201804/5acd65a965f8e.jpg",Lopez,$12.95
https://www.glassesshop.com/eyeglasses/fm1470,"https://glassesshop-res.cloudinary.com/c_fill,f_auto,fl_lossy,q_auto,w_800,h_400,c_pad/products/202008/5f30d29c54cab.jpg",Celeste,$34.95
https://www.glassesshop.com/eyeglasses/fm1466,"https://glassesshop-res.cloudinary.com/c_fill,f_auto,fl_lossy,q_auto,w_800,h_400,c_pad/products/202006/5eddb2e6b03a7.jpg",Benjamin,$29.95
https://www.glassesshop.com/eyeglasses/fp2104,"https://glassesshop-res.cloudinary.com/c_fill,f_auto,fl_lossy,q_auto,w_800,h_400,c_pad/products/202006/5ef06e2c51365.jpg",Salisbury,$19.95
https://www.glassesshop.com/eyeglasses/fp2078,"https://glassesshop-res.cloudinary.com/c_fill,f_auto,fl_lossy,q_auto,w_800,h_400,c_pad/products/202005/5eb8b558a5c49.jpg",Hartford,$24.95
https://www.glassesshop.com/eyeglasses/fp1775,"https://glassesshop-res.cloudinary.com/c_fill,f_auto,fl_lossy,q_auto,w_800,h_400,c_pad/products/202005/5ecb7f0658107.jpg",Haggai,$24.95
https://www.glassesshop.com/eyeglasses/fm1017,"https://glassesshop-res.cloudinary.com/c_fill,f_auto,fl_lossy,q_auto,w_800,h_400,c_pad/products/201805/5af13c7ed9208.jpg",Brunswick,$29.95
https://www.glassesshop.com/eyeglasses/fz1635,"https://glassesshop-res.cloudinary.com/c_fill,f_auto,fl_lossy,q_auto,w_800,h_400,c_pad/products/202102/602a116d49f4b.jpg",Kansas,$29.95
https://www.glassesshop.com/eyeglasses/fz1545,"https://glassesshop-res.cloudinary.com/c_fill,f_auto,fl_lossy,q_auto,w_800,h_400,c_pad/products/202011/5f9fb030b8569.jpg",Arlington,$34.95
https://www.glassesshop.com/eyeglasses/sup0666,"https://glassesshop-res.cloudinary.com/c_fill,f_auto,fl_lossy,q_auto,w_800,h_400,c_pad/products/201905/5ccf966908d80.jpg",Kaylee,$29.95
https://www.glassesshop.com/eyeglasses/fz1368,"https://glassesshop-res.cloudinary.com/c_fill,f_auto,fl_lossy,q_auto,w_800,h_400,c_pad/products/201907/5d268bd885fb9.jpg",Leigh,$29.95
https://www.glassesshop.com/eyeglasses/sup0652,"https://glassesshop-res.cloudinary.com/c_fill,f_auto,fl_lossy,q_auto,w_800,h_400,c_pad/products/201905/5ccf966899ddb.jpg",Mika,$29.95
https://www.glassesshop.com/eyeglasses/fz1094,"https://glassesshop-res.cloudinary.com/c_fill,f_auto,fl_lossy,q_auto,w_800,h_400,c_pad/products/201811/5bff5bf27139c.jpg",Buckeye,$29.95
https://www.glassesshop.com/eyeglasses/ft0459,"https://glassesshop-res.cloudinary.com/c_fill,f_auto,fl_lossy,q_auto,w_800,h_400,c_pad/products/202102/602a10602e9cc.jpg",Orleans,$49.95
https://www.glassesshop.com/eyeglasses/fp1454,"https://glassesshop-res.cloudinary.com/c_fill,f_auto,fl_lossy,q_auto,w_800,h_400,c_pad/products/202010/5f92961b45f08.jpg",Valentina,$12.95
https://www.glassesshop.com/eyeglasses/fp2217,"https://glassesshop-res.cloudinary.com/c_fill,f_auto,fl_lossy,q_auto,w_800,h_400,c_pad/products/202101/5ff2c6d9b9f46.jpg",Claude,$29.95
https://www.glassesshop.com/eyeglasses/fm1408,"https://glassesshop-res.cloudinary.com/c_fill,f_auto,fl_lossy,q_auto,w_800,h_400,c_pad/products/201910/5da92c94679bd.jpg",Springfield,$24.95
https://www.glassesshop.com/eyeglasses/fm1372,"https://glassesshop-res.cloudinary.com/c_fill,f_auto,fl_lossy,q_auto,w_800,h_400,c_pad/products/201903/5c99cd282b827.jpg",Newark,$24.95
https://www.glassesshop.com/eyeglasses/fm1271,"https://glassesshop-res.cloudinary.com/c_fill,f_auto,fl_lossy,q_auto,w_800,h_400,c_pad/products/201807/5b4c4d7b98167.jpg",Omar,$19.95
https://www.glassesshop.com/eyeglasses/fm1252,"https://glassesshop-res.cloudinary.com/c_fill,f_auto,fl_lossy,q_auto,w_800,h_400,c_pad/products/201805/5b0517771196a.jpg",Carrie,$24.95
https://www.glassesshop.com/eyeglasses/fp1239,"https://glassesshop-res.cloudinary.com/c_fill,f_auto,fl_lossy,q_auto,w_800,h_400,c_pad/products/201611/582e611cecfb5.jpg",Hayden,$24.95
https://www.glassesshop.com/eyeglasses/sup1005,"https://glassesshop-res.cloudinary.com/c_fill,f_auto,fl_lossy,q_auto,w_800,h_400,c_pad/products/202009/5f5f318fd52fe.jpg",Roanoke,$19.95
https://www.glassesshop.com/eyeglasses/sup0654,"https://glassesshop-res.cloudinary.com/c_fill,f_auto,fl_lossy,q_auto,w_800,h_400,c_pad/products/201905/5ccf9668a99a3.jpg",Gene,$29.95
https://www.glassesshop.com/eyeglasses/fm1308,"https://glassesshop-res.cloudinary.com/c_fill,f_auto,fl_lossy,q_auto,w_800,h_400,c_pad/products/201810/5bbc4f033d516.jpg",Ansel,$19.95
https://www.glassesshop.com/eyeglasses/fp1722,"https://glassesshop-res.cloudinary.com/c_fill,f_auto,fl_lossy,q_auto,w_800,h_400,c_pad/products/201807/5b3dcfcc49a86.jpg",Ben,$39.95
https://www.glassesshop.com/eyeglasses/fp1704,"https://glassesshop-res.cloudinary.com/c_fill,f_auto,fl_lossy,q_auto,w_800,h_400,c_pad/products/202004/5e9d1d010a57b.jpg",Heather,$29.95
https://www.glassesshop.com/eyeglasses/sm0751,"https://glassesshop-res.cloudinary.com/c_fill,f_auto,fl_lossy,q_auto,w_800,h_400,c_pad/products/201707/5965e6954a9f3.jpg",Matthew,$39.95
https://www.glassesshop.com/eyeglasses/fp2187,"https://glassesshop-res.cloudinary.com/c_fill,f_auto,fl_lossy,q_auto,w_800,h_400,c_pad/products/202106/60bed1b6c04c5.jpg",Gladys,$12.95
https://www.glassesshop.com/eyeglasses/fp2058,"https://glassesshop-res.cloudinary.com/c_fill,f_auto,fl_lossy,q_auto,w_800,h_400,c_pad/products/202004/5ea6a6d7065fd.jpg",Oak,$19.95
https://www.glassesshop.com/eyeglasses/fp1858,"https://glassesshop-res.cloudinary.com/c_fill,f_auto,fl_lossy,q_auto,w_800,h_400,c_pad/products/202104/607949714cf5a.jpg",Persol,$19.95
https://www.glassesshop.com/eyeglasses/fp0917,"https://glassesshop-res.cloudinary.com/c_fill,f_auto,fl_lossy,q_auto,w_800,h_400,c_pad/products/201709/59c9aad199397.jpg",BowlingGreen,$29.95
https://www.glassesshop.com/eyeglasses/sup0738,"https://glassesshop-res.cloudinary.com/c_fill,f_auto,fl_lossy,q_auto,w_800,h_400,c_pad/products/202007/5f1e8f0d9a288.jpg",Barbara,$29.95
https://www.glassesshop.com/eyeglasses/fz1247,"https://glassesshop-res.cloudinary.com/c_fill,f_auto,fl_lossy,q_auto,w_800,h_400,c_pad/products/201910/5daeb8bb49037.jpg",Beulah,$29.95
https://www.glassesshop.com/eyeglasses/fp1110,"https://glassesshop-res.cloudinary.com/c_fill,f_auto,fl_lossy,q_auto,w_800,h_400,c_pad/products/201708/5983fe65ed003.jpg",Hyannis,$29.95
https://www.glassesshop.com/eyeglasses/sup1123,"https://glassesshop-res.cloudinary.com/c_fill,f_auto,fl_lossy,q_auto,w_800,h_400,c_pad/products/202104/607cda70ac718.jpg",Versailles,$34.95
https://www.glassesshop.com/eyeglasses/fp1631,"https://glassesshop-res.cloudinary.com/c_fill,f_auto,fl_lossy,q_auto,w_800,h_400,c_pad/products/201805/5afe7d402928f.jpg",Aiden,$19.95
https://www.glassesshop.com/eyeglasses/fp2066,"https://glassesshop-res.cloudinary.com/c_fill,f_auto,fl_lossy,q_auto,w_800,h_400,c_pad/products/202004/5ea6a72682be1.jpg",Eden,$19.95
https://www.glassesshop.com/eyeglasses/sup0784,"https://glassesshop-res.cloudinary.com/c_fill,f_auto,fl_lossy,q_auto,w_800,h_400,c_pad/products/202001/5e0eb61ac3537.jpg",Annapolis,$29.95
https://www.glassesshop.com/eyeglasses/ft0416,"https://glassesshop-res.cloudinary.com/c_fill,f_auto,fl_lossy,q_auto,w_800,h_400,c_pad/products/202010/5f9242e327875.jpg",Scranton,$34.95
https://www.glassesshop.com/eyeglasses/sup0997,"https://glassesshop-res.cloudinary.com/c_fill,f_auto,fl_lossy,q_auto,w_800,h_400,c_pad/products/202009/5f5f3157aeddb.jpg",Ely,$29.95
https://www.glassesshop.com/eyeglasses/fm1297,"https://glassesshop-res.cloudinary.com/c_fill,f_auto,fl_lossy,q_auto,w_800,h_400,c_pad/products/201808/5b72831004578.jpg",Payne,$29.95
https://www.glassesshop.com/eyeglasses/sup0499,"https://glassesshop-res.cloudinary.com/c_fill,f_auto,fl_lossy,q_auto,w_800,h_400,c_pad/products/201807/5b4c5ff957467.jpg",Ralap,$39.95
https://www.glassesshop.com/eyeglasses/fp1181,"https://glassesshop-res.cloudinary.com/c_fill,f_auto,fl_lossy,q_auto,w_800,h_400,c_pad/products/202004/5e9808da44c7a.jpg",Darlene,$19.95
https://www.glassesshop.com/eyeglasses/sup0798,"https://glassesshop-res.cloudinary.com/c_fill,f_auto,fl_lossy,q_auto,w_800,h_400,c_pad/products/202004/5e93cd08e1a75.jpg",Sarasota,$29.95
https://www.glassesshop.com/eyeglasses/fp1831,"https://glassesshop-res.cloudinary.com/c_fill,f_auto,fl_lossy,q_auto,w_800,h_400,c_pad/products/201904/5cb69b5102348.jpg",Tacab,$19.95
https://www.glassesshop.com/eyeglasses/ft0242,"https://glassesshop-res.cloudinary.com/c_fill,f_auto,fl_lossy,q_auto,w_800,h_400,c_pad/products/201810/5bbc4f036842a.jpg",Robben,$39.95
https://www.glassesshop.com/eyeglasses/fm1503,"https://glassesshop-res.cloudinary.com/c_fill,f_auto,fl_lossy,q_auto,w_800,h_400,c_pad/products/202010/5f9237cbea23a.jpg",Antony,$24.95
https://www.glassesshop.com/eyeglasses/rm0288,"https://glassesshop-res.cloudinary.com/c_fill,f_auto,fl_lossy,q_auto,w_800,h_400,c_pad/products/202009/5f5edd683b77a.jpg",Egbert,$54.95
https://www.glassesshop.com/eyeglasses/fp2127,"https://glassesshop-res.cloudinary.com/c_fill,f_auto,fl_lossy,q_auto,w_800,h_400,c_pad/products/202008/5f30d32327805.jpg",Laguna,$24.95
https://www.glassesshop.com/eyeglasses/sup0961,"https://glassesshop-res.cloudinary.com/c_fill,f_auto,fl_lossy,q_auto,w_800,h_400,c_pad/products/202007/5f0d034f05092.jpg",Meriden,$29.95
https://www.glassesshop.com/eyeglasses/fp2072,"https://glassesshop-res.cloudinary.com/c_fill,f_auto,fl_lossy,q_auto,w_800,h_400,c_pad/products/202005/5eb8b52f69594.jpg",Irvine,$24.95
https://www.glassesshop.com/eyeglasses/fz1384,"https://glassesshop-res.cloudinary.com/c_fill,f_auto,fl_lossy,q_auto,w_800,h_400,c_pad/products/201908/5d4d19e2d2fe1.jpg",Laurie,$29.95
https://www.glassesshop.com/eyeglasses/fp1781,"https://glassesshop-res.cloudinary.com/c_fill,f_auto,fl_lossy,q_auto,w_800,h_400,c_pad/products/201812/5c244586d7042.jpg",Hubbard,$19.95
https://www.glassesshop.com/eyeglasses/fp1771,"https://glassesshop-res.cloudinary.com/c_fill,f_auto,fl_lossy,q_auto,w_800,h_400,c_pad/products/201809/5bac31dd1506f.jpg",Winchester,$19.95
https://www.glassesshop.com/eyeglasses/fz1689,"https://glassesshop-res.cloudinary.com/c_fill,f_auto,fl_lossy,q_auto,w_800,h_400,c_pad/products/202104/606bbfabedec6.jpg",Creston,$29.95
https://www.glassesshop.com/eyeglasses/ft0482,"https://glassesshop-res.cloudinary.com/c_fill,f_auto,fl_lossy,q_auto,w_800,h_400,c_pad/products/202104/606bbefd34db8.jpg",Clark,$54.95
https://www.glassesshop.com/eyeglasses/fp2154,"https://glassesshop-res.cloudinary.com/c_fill,f_auto,fl_lossy,q_auto,w_800,h_400,c_pad/products/202011/5fa8e92a596c1.jpg",Goodland,$9.95
https://www.glassesshop.com/eyeglasses/fp1593,"https://glassesshop-res.cloudinary.com/c_fill,f_auto,fl_lossy,q_auto,w_800,h_400,c_pad/products/201805/5afb961147318.jpg",Jerry,$24.95
https://www.glassesshop.com/eyeglasses/fp1401,"https://glassesshop-res.cloudinary.com/c_fill,f_auto,fl_lossy,q_auto,w_800,h_400,c_pad/products/201708/59841308cc508.jpg",Holt,$19.95
https://www.glassesshop.com/eyeglasses/sup0959,"https://glassesshop-res.cloudinary.com/c_fill,f_auto,fl_lossy,q_auto,w_800,h_400,c_pad/products/202007/5f0d03416f63b.jpg",Muskegon,$29.95
https://www.glassesshop.com/eyeglasses/fz1316,"https://glassesshop-res.cloudinary.com/c_fill,f_auto,fl_lossy,q_auto,w_800,h_400,c_pad/products/201906/5cf8ca4ea5b8e.jpg",Wilsen,$29.95
https://www.glassesshop.com/eyeglasses/fp2270,"https://glassesshop-res.cloudinary.com/c_fill,f_auto,fl_lossy,q_auto,w_800,h_400,c_pad/products/202104/606bc795eb91c.jpg",Orlando,$12.95
https://www.glassesshop.com/eyeglasses/sup0995,"https://glassesshop-res.cloudinary.com/c_fill,f_auto,fl_lossy,q_auto,w_800,h_400,c_pad/products/202009/5f5f3149ce978.jpg",StCharles,$44.95
https://www.glassesshop.com/eyeglasses/sm0889,"https://glassesshop-res.cloudinary.com/c_fill,f_auto,fl_lossy,q_auto,w_800,h_400,c_pad/products/202002/5e377fe534902.jpg",Elaine,$39.95
https://www.glassesshop.com/eyeglasses/fp1646,"https://glassesshop-res.cloudinary.com/c_fill,f_auto,fl_lossy,q_auto,w_800,h_400,c_pad/products/201805/5afe7ea43b647.jpg",Angel,$19.95
https://www.glassesshop.com/eyeglasses/fm1089,"https://glassesshop-res.cloudinary.com/c_fill,f_auto,fl_lossy,q_auto,w_800,h_400,c_pad/products/201707/5965e641eae52.jpg",Lambert,$39.95
https://www.glassesshop.com/eyeglasses/sup1129,"https://glassesshop-res.cloudinary.com/c_fill,f_auto,fl_lossy,q_auto,w_800,h_400,c_pad/products/202104/607cdaa3cf26a.jpg",Ingrid,$34.95
https://www.glassesshop.com/eyeglasses/fz1658,"https://glassesshop-res.cloudinary.com/c_fill,f_auto,fl_lossy,q_auto,w_800,h_400,c_pad/products/202104/606bbf4a231b5.jpg",Kitty,$29.95
https://www.glassesshop.com/eyeglasses/sup0998,"https://glassesshop-res.cloudinary.com/c_fill,f_auto,fl_lossy,q_auto,w_800,h_400,c_pad/products/202009/5f5f315eb0568.jpg",Hackensack,$24.95
https://www.glassesshop.com/eyeglasses/fp1985,"https://glassesshop-res.cloudinary.com/c_fill,f_auto,fl_lossy,q_auto,w_800,h_400,c_pad/products/202006/5ee738a2b6efb.jpg",Yonkers,$12.95
https://www.glassesshop.com/eyeglasses/sup1105,"https://glassesshop-res.cloudinary.com/c_fill,f_auto,fl_lossy,q_auto,w_800,h_400,c_pad/products/202103/604580c606465.jpg",Wharton,$19.95
https://www.glassesshop.com/eyeglasses/fz1575,"https://glassesshop-res.cloudinary.com/c_fill,f_auto,fl_lossy,q_auto,w_800,h_400,c_pad/products/202101/5ff2c743aa399.jpg",Priscilla,$29.95
https://www.glassesshop.com/eyeglasses/fp2180,"https://glassesshop-res.cloudinary.com/c_fill,f_auto,fl_lossy,q_auto,w_800,h_400,c_pad/products/202102/603498d8ccf5a.jpg",Bridgeport,$34.95
https://www.glassesshop.com/eyeglasses/fp2131,"https://glassesshop-res.cloudinary.com/c_fill,f_auto,fl_lossy,q_auto,w_800,h_400,c_pad/products/202009/5f5edcc74c7fb.jpg",Hatteras,$29.95
https://www.glassesshop.com/eyeglasses/fz1500,"https://glassesshop-res.cloudinary.com/c_fill,f_auto,fl_lossy,q_auto,w_800,h_400,c_pad/products/202008/5f30c155474d6.jpg",Arvin,$29.95
https://www.glassesshop.com/eyeglasses/sup0931,"https://glassesshop-res.cloudinary.com/c_fill,f_auto,fl_lossy,q_auto,w_800,h_400,c_pad/products/202007/5f23cfa3b90f1.jpg",Quinn,$24.95
https://www.glassesshop.com/eyeglasses/sup0658,"https://glassesshop-res.cloudinary.com/c_fill,f_auto,fl_lossy,q_auto,w_800,h_400,c_pad/products/201905/5ccf9668d1b8c.jpg",Kerlins,$29.95
https://www.glassesshop.com/eyeglasses/fp1543,"https://glassesshop-res.cloudinary.com/c_fill,f_auto,fl_lossy,q_auto,w_800,h_400,c_pad/products/201801/5a65815f91df3.jpg",Adam,$24.95
https://www.glassesshop.com/eyeglasses/fz1538,"https://glassesshop-res.cloudinary.com/c_fill,f_auto,fl_lossy,q_auto,w_800,h_400,c_pad/products/202011/5fa8e95d9c4b7.jpg",Solana,$9.95
https://www.glassesshop.com/eyeglasses/fp2103,"https://glassesshop-res.cloudinary.com/c_fill,f_auto,fl_lossy,q_auto,w_800,h_400,c_pad/products/202006/5ef06e24b5913.jpg",Audrey,$19.95
https://www.glassesshop.com/eyeglasses/sup0756,"https://glassesshop-res.cloudinary.com/c_fill,f_auto,fl_lossy,q_auto,w_800,h_400,c_pad/products/202001/5e0eb4663b48d.jpg",Rosemary,$29.95
https://www.glassesshop.com/eyeglasses/fp1838,"https://glassesshop-res.cloudinary.com/c_fill,f_auto,fl_lossy,q_auto,w_800,h_400,c_pad/products/201904/5cb69b5120731.jpg",Dana,$19.95
https://www.glassesshop.com/eyeglasses/sup1067,"https://glassesshop-res.cloudinary.com/c_fill,f_auto,fl_lossy,q_auto,w_800,h_400,c_pad/products/202103/60457fa65cbb0.jpg",Tabitha,$19.95
https://www.glassesshop.com/eyeglasses/fp2250,"https://glassesshop-res.cloudinary.com/c_fill,f_auto,fl_lossy,q_auto,w_800,h_400,c_pad/products/202102/602a1028a7300.jpg",Sioux,$19.95
https://www.glassesshop.com/eyeglasses/ft0363,"https://glassesshop-res.cloudinary.com/c_fill,f_auto,fl_lossy,q_auto,w_800,h_400,c_pad/products/202002/5e4288ce27bad.jpg",Glenview,$49.95
https://www.glassesshop.com/eyeglasses/fp2011,"https://glassesshop-res.cloudinary.com/c_fill,f_auto,fl_lossy,q_auto,w_800,h_400,c_pad/products/201910/5db16a45aef05.jpg",Jungle,$19.95
https://www.glassesshop.com/eyeglasses/fp1907,"https://glassesshop-res.cloudinary.com/c_fill,f_auto,fl_lossy,q_auto,w_800,h_400,c_pad/products/201906/5cf8ca4e79821.jpg",Yule,$19.95
https://www.glassesshop.com/eyeglasses/fz1634,"https://glassesshop-res.cloudinary.com/c_fill,f_auto,fl_lossy,q_auto,w_800,h_400,c_pad/products/202102/602a1165a3646.jpg",Mona,$29.95
https://www.glassesshop.com/eyeglasses/fm1536,"https://glassesshop-res.cloudinary.com/c_fill,f_auto,fl_lossy,q_auto,w_800,h_400,c_pad/products/202011/5fa8e8fdc74fe.jpg",Naples,$12.95
https://www.glassesshop.com/eyeglasses/ft0406,"https://glassesshop-res.cloudinary.com/c_fill,f_auto,fl_lossy,q_auto,w_800,h_400,c_pad/products/202009/5f5f30ee34b74.jpg",Oneida,$44.95
https://www.glassesshop.com/eyeglasses/sup0775,"https://glassesshop-res.cloudinary.com/c_fill,f_auto,fl_lossy,q_auto,w_800,h_400,c_pad/products/202001/5e0eb5da23e96.jpg",Ernest,$29.95
https://www.glassesshop.com/eyeglasses/fp1742,"https://glassesshop-res.cloudinary.com/c_fill,f_auto,fl_lossy,q_auto,w_800,h_400,c_pad/products/201807/5b4c4e365c7ab.jpg",Otis,$19.95
https://www.glassesshop.com/eyeglasses/sup1126,"https://glassesshop-res.cloudinary.com/c_fill,f_auto,fl_lossy,q_auto,w_800,h_400,c_pad/products/202104/607cda8a1ab62.jpg",Frederica,$34.95
https://www.glassesshop.com/eyeglasses/ft0424,"https://glassesshop-res.cloudinary.com/c_fill,f_auto,fl_lossy,q_auto,w_800,h_400,c_pad/products/202103/604ecca52edf2.jpg",Manhattan,$44.95
https://www.glassesshop.com/eyeglasses/fz1486,"https://glassesshop-res.cloudinary.com/c_fill,f_auto,fl_lossy,q_auto,w_800,h_400,c_pad/products/202007/5f0d0326b2e06.jpg",Norwood,$29.95
https://www.glassesshop.com/eyeglasses/fm1464,"https://glassesshop-res.cloudinary.com/c_fill,f_auto,fl_lossy,q_auto,w_800,h_400,c_pad/products/202012/5fca07a36bd0c.jpg",Norfolk,$34.95
https://www.glassesshop.com/eyeglasses/sup1117,"https://glassesshop-res.cloudinary.com/c_fill,f_auto,fl_lossy,q_auto,w_800,h_400,c_pad/products/202103/60458116ec657.jpg",Herndon,$29.95
https://www.glassesshop.com/eyeglasses/fz1579,"https://glassesshop-res.cloudinary.com/c_fill,f_auto,fl_lossy,q_auto,w_800,h_400,c_pad/products/202101/5ff2c75edbde3.jpg",Asheboro,$29.95
https://www.glassesshop.com/eyeglasses/fm1514,"https://glassesshop-res.cloudinary.com/c_fill,f_auto,fl_lossy,q_auto,w_800,h_400,c_pad/products/202011/5f9fae32ea238.jpg",Altoona,$24.95
https://www.glassesshop.com/eyeglasses/fp2175,"https://glassesshop-res.cloudinary.com/c_fill,f_auto,fl_lossy,q_auto,w_800,h_400,c_pad/products/202011/5f9faf659d15f.jpg",Bellaire,$24.95
https://www.glassesshop.com/eyeglasses/fz1520,"https://glassesshop-res.cloudinary.com/c_fill,f_auto,fl_lossy,q_auto,w_800,h_400,c_pad/products/202009/5f68704cbcf03.jpg",Christine,$59
https://www.glassesshop.com/eyeglasses/sm0899,"https://glassesshop-res.cloudinary.com/c_fill,f_auto,fl_lossy,q_auto,w_800,h_400,c_pad/products/202009/5f5f30d384e80.jpg",Allen,$29.95
https://www.glassesshop.com/eyeglasses/fz1206,"https://glassesshop-res.cloudinary.com/c_fill,f_auto,fl_lossy,q_auto,w_800,h_400,c_pad/products/201807/5b4db881b7d9e.jpg",Roy,$34.95
https://www.glassesshop.com/eyeglasses/sup0650,"https://glassesshop-res.cloudinary.com/c_fill,f_auto,fl_lossy,q_auto,w_800,h_400,c_pad/products/201905/5ccf966880baa.jpg",Karol,$34.95
https://www.glassesshop.com/eyeglasses/fp1276,"https://glassesshop-res.cloudinary.com/c_fill,f_auto,fl_lossy,q_auto,w_800,h_400,c_pad/products/201701/587f15a43dd95.jpg",Land,$19.95
https://www.glassesshop.com/eyeglasses/fp2219,"https://glassesshop-res.cloudinary.com/c_fill,f_auto,fl_lossy,q_auto,w_800,h_400,c_pad/products/202101/5ff2c6e7f084d.jpg",Grove,$29.95
https://www.glassesshop.com/eyeglasses/fm1444,"https://glassesshop-res.cloudinary.com/c_fill,f_auto,fl_lossy,q_auto,w_800,h_400,c_pad/products/202002/5e4368d2cd2cd.jpg",Marina,$29.95
https://www.glassesshop.com/eyeglasses/fp1735,"https://glassesshop-res.cloudinary.com/c_fill,f_auto,fl_lossy,q_auto,w_800,h_400,c_pad/products/201807/5b4c4dfeeeb45.jpg",Osmond,$19.95
https://www.glassesshop.com/eyeglasses/fp1168,"https://glassesshop-res.cloudinary.com/c_fill,f_auto,fl_lossy,q_auto,w_800,h_400,c_pad/products/201702/58ae78f252584.jpg",Coolidge,$29.95
https://www.glassesshop.com/eyeglasses/fz1652,"https://glassesshop-res.cloudinary.com/c_fill,f_auto,fl_lossy,q_auto,w_800,h_400,c_pad/products/202102/60361c7db1cee.jpg",Durham,$29.95
https://www.glassesshop.com/eyeglasses/fm1577,"https://glassesshop-res.cloudinary.com/c_fill,f_auto,fl_lossy,q_auto,w_800,h_400,c_pad/products/202102/602a0fe1ad7f1.jpg",Chad,$19.95
